"","Odd.Ratio","X95..CI.2.5..","X95..CI.97.5..","P.value"
"(Intercept)",0.180828010327783,0.133505413853102,0.243056182544692,4.33615287805038e-29
"CyQNT1Q2",1.14610202423506,0.893118132748398,1.47922094310591,0.288903495640131
"CyQNT1Q3",1.19660133320564,0.916778848150662,1.56765593831067,0.189219516789492
"CyQNT1Q4",1.39381676108457,1.06269631196339,1.83433552827393,0.0169882904050928
"RIDAGEYR",0.993955614457137,0.989289807639183,0.998613017530981,0.0112614363013507
"GENDRM",0.539623727999348,0.452050325360158,0.642730311675831,6.22782800657181e-12
